SiteName,Pop,A,B,C,D,E,F,G,H
AirplaneLake,Airplane,1:1,1:1,1:1,1:1,1:2,1:1,1:1,4:5
AirplaneLake,Airplane,2:2,1:1,NA:NA,1:1,1:1,NA:NA,2:2,NA:NA
AirplaneLake,Airplane,1:1,1:1,1:1,1:1,3:3,1:1,1:1,3:3
AirplaneLake,Airplane,1:1,1:1,NA:NA,2:2,1:2,NA:NA,NA:NA,NA:NA
AirplaneLake,Airplane,1:2,1:3,1:1,1:1,1:2,1:1,1:2,4:5
AirplaneLake,Airplane,1:2,1:1,1:1,3:1,1:1,1:1,1:2,4:5
AirplaneLake,Airplane,2:2,1:3,1:1,1:1,3:3,1:1,1:1,2:3
AirplaneLake,Airplane,2:2,1:3,1:1,1:1,3:3,1:1,1:1,2:3
AirplaneLake,Airplane,3:1,1:1,1:1,1:1,1:7,1:1,1:1,3:5
AirplaneLake,Airplane,2:2,1:3,1:1,1:1,3:7,1:1,1:1,3:3
AirplaneLake,Airplane,1:1,1:1,NA:NA,1:1,1:3,1:1,1:1,4:5
AirplaneLake,Airplane,1:1,1:1,1:1,1:2,1:1,1:1,1:1,3:3
AirplaneLake,Airplane,1:1,1:1,1:1,1:1,1:3,1:1,1:1,4:5
AirplaneLake,Airplane,1:1,1:1,NA:NA,1:1,2:7,1:1,1:1,3:5
AirplaneLake,Airplane,1:1,1:1,1:1,1:2,1:3,1:1,1:2,4:5
AirplaneLake,Airplane,1:1,1:3,1:1,3:1,1:1,1:1,NA:NA,4:4
AirplaneLake,Airplane,1:2,1:3,NA:NA,3:1,1:3,1:1,1:1,4:5
AirplaneLake,Airplane,1:1,1:1,NA:NA,1:1,1:2,1:1,1:1,3:5
AirplaneLake,Airplane,1:2,1:1,NA:NA,1:1,2:3,1:1,1:1,5:5
AirplaneLake,Airplane,NA:NA,1:3,NA:NA,3:1,1:1,1:1,1:1,1:4
AirplaneLake,Airplane,2:2,1:1,1:1,1:2,3:7,1:1,1:1,2:3
BachelorMeadow,Bachelor,1:1,1:1,1:2,2:2,6:8,1:1,2:2,6:4
BachelorMeadow,Bachelor,1:1,2:2,1:1,2:2,2:2,1:1,1:2,6:4
BachelorMeadow,Bachelor,1:1,1:2,1:1,3:2,1:2,1:1,NA:NA,1:4
BachelorMeadow,Bachelor,NA:NA,1:3,NA:NA,2:2,2:5,1:1,NA:NA,4:5
BachelorMeadow,Bachelor,1:1,1:2,1:1,3:2,2:5,1:1,1:2,4:5
BachelorMeadow,Bachelor,1:1,2:2,1:2,2:2,2:3,1:1,1:1,6:4
BachelorMeadow,Bachelor,1:1,1:1,NA:NA,2:2,2:3,1:1,1:1,4:4
BachelorMeadow,Bachelor,1:1,1:1,NA:NA,2:2,2:8,1:1,2:2,5:5
BarkingFoxLake,BarkingFox,1:1,1:1,NA:NA,4:4,1:3,1:1,1:1,5:5
BarkingFoxLake,BarkingFox,1:1,1:1,1:1,4:2,1:3,1:1,NA:NA,5:5
BarkingFoxLake,BarkingFox,1:1,1:1,2:2,2:2,1:2,1:1,NA:NA,4:4
BarkingFoxLake,BarkingFox,1:1,1:1,1:1,2:2,3:3,1:1,1:1,NA:NA
BarkingFoxLake,BarkingFox,3:1,1:1,1:1,4:4,1:1,1:1,NA:NA,5:5
BarkingFoxLake,BarkingFox,1:1,1:1,1:1,4:2,1:3,1:1,NA:NA,5:5
BarkingFoxLake,BarkingFox,1:1,1:3,NA:NA,4:2,1:5,1:1,1:2,4:5
BarkingFoxLake,BarkingFox,1:1,1:1,NA:NA,4:2,1:3,1:1,1:2,5:5
BarkingFoxLake,BarkingFox,1:1,1:1,NA:NA,2:2,1:1,1:1,1:1,5:5
BarkingFoxLake,BarkingFox,1:1,2:2,1:1,4:2,3:5,1:1,1:1,5:5
BarkingFoxLake,BarkingFox,1:1,1:1,NA:NA,4:2,1:2,1:1,NA:NA,3:5
BarkingFoxLake,BarkingFox,1:1,1:1,1:1,4:2,1:3,1:1,1:1,3:5
BarkingFoxLake,BarkingFox,1:1,1:2,1:1,2:2,1:5,2:1,1:1,5:5
BarkingFoxLake,BarkingFox,1:1,1:1,NA:NA,4:2,1:3,1:1,1:1,5:5
BobLake,Bob,1:1,1:2,1:2,2:2,3:5,1:1,1:1,3:5
BobLake,Bob,1:1,1:1,1:2,1:2,1:3,NA:NA,NA:NA,NA:NA
BobLake,Bob,1:1,1:1,1:1,2:2,1:4,1:1,1:1,6:4
BobLake,Bob,1:1,4:1,1:1,2:2,NA:NA,1:1,1:1,6:5
BobLake,Bob,1:1,1:1,1:1,2:2,3:5,1:1,1:1,6:4
BobLake,Bob,1:1,1:1,1:2,2:2,1:2,1:1,1:1,3:4
BobLake,Bob,1:1,1:1,NA:NA,2:2,3:5,1:1,1:1,6:4
BobLake,Bob,1:1,1:2,1:1,2:2,1:8,1:1,NA:NA,5:5
BobLake,Bob,1:1,1:2,1:1,2:2,1:8,1:1,NA:NA,5:5
BobLake,Bob,3:1,1:1,1:2,2:2,1:3,1:1,1:1,4:5
BobLake,Bob,1:1,1:1,1:1,2:2,3:5,1:1,1:1,6:4
BobLake,Bob,1:1,4:1,1:2,1:2,2:2,1:1,NA:NA,4:4
BobLake,Bob,3:1,1:1,1:1,2:2,1:8,1:1,1:2,5:5
CacheLake,Cache,1:1,NA:NA,NA:NA,1:2,1:2,1:1,1:1,6:4
CacheLake,Cache,NA:NA,1:2,1:1,2:2,2:5,1:1,NA:NA,6:4
CacheLake,Cache,1:1,4:1,NA:NA,2:2,2:8,1:1,NA:NA,6:4
CacheLake,Cache,1:1,1:2,1:1,2:2,1:4,1:1,1:2,4:5
CacheLake,Cache,1:1,2:2,NA:NA,1:2,1:4,1:1,1:1,6:5
CacheLake,Cache,1:1,1:2,2:2,2:2,2:4,1:1,2:2,5:5
CacheLake,Cache,1:1,1:2,1:1,2:2,4:5,1:1,1:2,1:5
EggWhiteLake,Egg,1:1,1:2,1:1,2:2,NA:NA,1:1,2:2,3:4
EggWhiteLake,Egg,1:1,1:2,1:1,2:2,4:5,1:1,1:2,6:5
EggWhiteLake,Egg,1:1,1:1,1:1,2:2,2:8,1:1,1:2,6:4
EggWhiteLake,Egg,1:1,1:1,1:1,2:2,2:5,1:1,NA:NA,6:4
EggWhiteLake,Egg,1:1,1:1,1:1,2:2,4:5,1:1,1:2,4:5
EggWhiteLake,Egg,1:1,1:1,NA:NA,2:2,1:6,1:1,2:2,5:5
EggWhiteLake,Egg,1:1,1:2,1:1,2:2,4:5,1:1,1:2,6:5
EggWhiteLake,Egg,1:1,1:2,1:1,2:2,4:5,NA:NA,NA:NA,NA:NA
EggWhiteLake,Egg,1:1,1:1,1:1,2:2,1:1,1:1,NA:NA,NA:NA
EggWhiteLake,Egg,1:1,2:2,1:1,2:2,2:5,1:1,1:1,4:4
EggWhiteLake,Egg,1:1,1:2,NA:NA,2:2,1:4,1:1,NA:NA,1:5
EggWhiteLake,Egg,1:1,1:1,1:1,2:2,2:5,1:1,NA:NA,6:4
EggWhiteLake,Egg,1:1,1:1,1:1,2:2,2:8,1:1,NA:NA,6:4
EggWhiteLake,Egg,1:1,1:1,1:1,2:2,2:4,1:1,1:1,6:5
EggWhiteLake,Egg,1:1,1:2,NA:NA,2:2,2:2,1:1,1:1,4:5
EggWhiteLake,Egg,1:1,1:1,1:1,2:2,NA:NA,1:1,1:1,6:5
EggWhiteLake,Egg,1:1,1:2,1:1,2:2,1:4,1:1,1:1,1:5
FrogPondLake,Frog,1:1,1:2,1:1,3:2,2:4,1:1,NA:NA,6:4
FrogPondLake,Frog,1:1,1:1,NA:NA,1:2,NA:NA,NA:NA,NA:NA,NA:NA
FrogPondLake,Frog,1:1,2:2,1:1,3:2,2:4,1:1,1:2,4:5
FrogPondLake,Frog,1:1,1:1,1:1,1:2,2:2,NA:NA,NA:NA,NA:NA
FrogPondLake,Frog,1:1,1:1,4:4,2:2,3:4,1:1,1:1,4:5
FrogPondLake,Frog,1:1,1:1,1:2,2:2,1:4,NA:NA,NA:NA,NA:NA
FrogPondLake,Frog,1:1,1:2,NA:NA,2:2,NA:NA,NA:NA,NA:NA,NA:NA
FrogPondLake,Frog,1:1,1:2,1:1,3:2,2:4,NA:NA,NA:NA,4:5
FrogPondLake,Frog,1:1,NA:NA,1:1,2:2,2:4,1:1,2:2,4:5
GentianLake,GentianL,1:1,1:3,1:1,3:3,1:1,1:1,2:2,5:5
GentianLake,GentianL,1:1,1:2,1:1,3:2,3:5,1:1,1:2,3:5
GentianLake,GentianL,1:1,1:3,NA:NA,3:1,2:6,1:3,1:2,3:4
GentianLake,GentianL,1:1,1:3,NA:NA,3:1,1:7,1:1,1:2,3:5
GentianLake,GentianL,NA:NA,1:3,1:1,1:1,2:5,1:1,1:1,4:5
GentianLake,GentianL,1:2,1:2,1:1,3:1,1:2,1:1,NA:NA,4:5
GentianLake,GentianL,1:1,NA:NA,1:1,4:2,2:2,1:3,1:2,4:4
GentianLake,GentianL,1:1,2:3,NA:NA,3:1,1:5,1:1,2:2,5:5
GentianLake,GentianL,1:1,2:3,1:1,4:2,1:2,1:1,1:2,4:5
GentianLake,GentianL,1:1,1:3,NA:NA,1:2,5:7,1:1,1:2,3:5
GentianLake,GentianL,1:1,2:3,1:1,3:2,1:6,1:1,2:2,3:5
GentianLake,GentianL,1:2,2:3,NA:NA,3:4,1:6,1:1,2:2,3:5
GentianLake,GentianL,1:1,2:3,NA:NA,4:2,1:2,1:3,1:2,1:4
GentianLake,GentianL,1:1,2:3,NA:NA,3:2,5:6,1:1,1:2,1:8
GentianLake,GentianL,1:1,1:2,NA:NA,1:1,5:7,1:1,1:2,NA:NA
GentianLake,GentianL,1:1,2:3,NA:NA,4:2,1:7,1:1,1:2,1:4
GentianLake,GentianL,1:1,2:2,1:1,1:1,5:7,1:1,1:1,1:3
GentianLake,GentianL,1:1,1:2,NA:NA,1:1,5:6,1:1,NA:NA,3:5
GentianLake,GentianL,1:1,1:2,1:1,NA:NA,1:2,1:1,2:2,4:5
GentianLake,GentianL,1:1,2:3,1:1,3:1,2:3,1:1,2:2,1:4
ParagonLake,ParagonL,1:1,1:1,1:1,2:2,1:1,1:1,1:2,3:5
ParagonLake,ParagonL,1:1,1:1,1:1,2:2,1:4,1:1,1:2,3:5
ParagonLake,ParagonL,1:1,4:1,1:1,2:2,1:1,1:1,1:1,5:5
ParagonLake,ParagonL,1:1,1:1,NA:NA,2:2,1:2,1:1,NA:NA,2:5
ParagonLake,ParagonL,1:1,4:4,1:1,2:2,1:4,1:1,1:1,5:5
ParagonLake,ParagonL,1:1,1:1,NA:NA,2:2,1:4,1:1,2:2,3:5
ParagonLake,ParagonL,1:1,1:1,1:5,2:2,1:1,1:1,2:2,3:3
ParagonLake,ParagonL,1:1,1:1,NA:NA,2:2,1:1,1:1,2:2,3:5
ParagonLake,ParagonL,1:1,1:1,1:1,2:2,1:1,1:1,1:2,5:5
ParagonLake,ParagonL,1:1,1:1,1:1,2:2,1:1,1:1,1:2,3:5
ParagonLake,ParagonL,NA:NA,1:1,NA:NA,2:2,1:2,1:1,NA:NA,4:8
ParagonLake,ParagonL,1:1,1:1,1:1,2:2,1:1,1:1,1:1,5:5
ParagonLake,ParagonL,1:1,1:1,1:1,2:2,1:1,1:1,NA:NA,3:3
ParagonLake,ParagonL,1:1,1:1,1:1,4:2,1:1,1:1,NA:NA,5:5
ParagonLake,ParagonL,1:1,1:1,NA:NA,4:2,1:4,1:1,1:2,3:5
ParagonLake,ParagonL,1:1,1:1,1:1,4:2,1:1,1:1,1:1,3:3
ParagonLake,ParagonL,1:1,4:1,1:1,2:2,1:1,1:1,2:2,5:5
ParagonLake,ParagonL,1:1,1:1,NA:NA,2:2,1:1,1:1,1:1,3:3
ParagonLake,ParagonL,1:1,1:1,1:1,2:2,NA:NA,1:1,NA:NA,3:5
PotholeLake,Pothole,1:1,1:1,1:1,3:1,1:1,NA:NA,NA:NA,NA:NA
PotholeLake,Pothole,1:1,1:1,1:1,1:1,1:7,1:1,NA:NA,3:5
PotholeLake,Pothole,1:1,1:1,NA:NA,NA:NA,1:1,1:1,3:2,1:5
PotholeLake,Pothole,1:1,1:1,1:1,1:1,1:1,1:1,NA:NA,5:5
PotholeLake,Pothole,1:1,1:1,1:1,1:1,1:7,1:1,3:2,3:3
PotholeLake,Pothole,1:1,1:1,NA:NA,1:1,NA:NA,1:1,1:1,NA:NA
PotholeLake,Pothole,1:1,1:1,1:1,3:1,1:7,1:1,NA:NA,3:5
PotholeLake,Pothole,1:1,1:1,1:1,1:1,1:1,1:1,2:2,5:5
PotholeLake,Pothole,1:1,1:1,1:1,1:1,1:1,1:1,3:2,1:3
PotholeLake,Pothole,1:1,1:1,1:1,1:1,1:7,1:1,2:2,1:3
PotholeLake,Pothole,1:1,1:1,NA:NA,1:1,1:7,1:1,1:2,3:5
PotholeLake,Pothole,1:1,1:1,NA:NA,3:1,1:1,1:1,NA:NA,1:5
PotholeLake,Pothole,1:1,1:1,NA:NA,3:1,1:7,1:1,NA:NA,3:5
ShipIslandLake,ShipIsland,1:2,3:3,NA:NA,3:3,2:3,1:1,NA:NA,5:5
ShipIslandLake,ShipIsland,1:1,1:1,NA:NA,1:1,10:10,NA:NA,NA:NA,3:3
ShipIslandLake,ShipIsland,2:2,1:1,1:1,1:1,2:2,1:1,1:1,4:4
ShipIslandLake,ShipIsland,1:1,1:1,NA:NA,3:1,1:3,1:1,2:2,4:5
ShipIslandLake,ShipIsland,1:2,3:3,1:1,1:1,2:2,1:1,1:1,4:5
ShipIslandLake,ShipIsland,1:1,3:3,1:1,1:1,2:3,1:1,1:1,3:5
ShipIslandLake,ShipIsland,1:1,1:3,1:1,1:1,2:2,1:1,1:1,3:3
ShipIslandLake,ShipIsland,1:2,1:1,1:1,3:1,1:2,1:1,1:2,3:4
ShipIslandLake,ShipIsland,1:2,1:1,1:1,1:2,2:2,1:1,1:1,3:4
ShipIslandLake,ShipIsland,1:1,1:3,1:1,1:2,1:2,1:1,1:2,3:4
ShipIslandLake,ShipIsland,1:2,3:3,1:1,3:1,1:2,1:1,2:2,4:4
ShipIslandLake,ShipIsland,1:1,1:3,1:1,1:2,2:2,1:1,1:1,4:5
ShipIslandLake,ShipIsland,2:2,1:3,1:1,3:1,2:2,1:1,1:1,4:5
ShipIslandLake,ShipIsland,1:1,1:1,NA:NA,1:1,1:1,1:1,1:2,4:5
ShipIslandLake,ShipIsland,1:2,1:3,NA:NA,3:1,1:2,1:1,1:2,4:5
ShipIslandLake,ShipIsland,1:2,1:3,NA:NA,1:2,1:2,1:1,1:2,4:5
ShipIslandLake,ShipIsland,1:1,1:3,1:1,3:1,1:3,1:1,NA:NA,3:5
SkyhighLake,Skyhigh,1:1,1:1,NA:NA,2:2,2:2,1:1,1:2,6:4
SkyhighLake,Skyhigh,1:1,1:1,1:1,2:2,2:2,1:1,1:2,6:4
SkyhighLake,Skyhigh,1:1,1:2,1:1,3:2,2:8,1:1,1:1,6:4
SkyhighLake,Skyhigh,1:1,2:2,1:1,2:2,2:3,1:1,1:2,3:4
SkyhighLake,Skyhigh,1:1,1:2,1:1,2:2,1:5,1:1,NA:NA,7:6
SkyhighLake,Skyhigh,1:1,1:2,1:1,1:2,2:2,1:1,1:1,6:4
SkyhighLake,Skyhigh,3:1,1:1,1:1,2:2,2:2,1:1,2:5,6:6
SkyhighLake,Skyhigh,1:1,1:2,1:1,1:2,2:2,1:1,NA:NA,6:4
SkyhighLake,Skyhigh,1:1,1:2,1:2,1:2,8:8,1:1,NA:NA,6:4
SkyhighLake,Skyhigh,1:1,1:1,1:2,2:2,1:8,1:1,1:2,4:4
SkyhighLake,Skyhigh,1:1,1:2,1:1,1:2,2:5,1:1,NA:NA,NA:NA
SkyhighLake,Skyhigh,1:1,1:1,NA:NA,4:4,1:4,NA:NA,NA:NA,5:5
SkyhighLake,Skyhigh,1:1,1:2,NA:NA,2:2,2:8,1:1,1:2,6:6
SkyhighLake,Skyhigh,1:1,1:2,1:1,2:2,2:2,1:1,1:2,4:4
SkyhighLake,Skyhigh,1:1,2:2,NA:NA,2:2,2:5,1:1,NA:NA,4:5
SkyhighLake,Skyhigh,1:1,1:1,1:1,2:2,2:5,1:1,NA:NA,4:4
SkyhighLake,Skyhigh,1:1,1:1,1:1,2:2,2:8,1:1,NA:NA,6:4
SkyhighLake,Skyhigh,1:1,1:2,1:1,2:2,2:2,1:1,1:2,6:4
SkyhighLake,Skyhigh,1:1,1:2,1:1,1:2,3:8,1:1,1:1,6:4
SkyhighLake,Skyhigh,1:1,1:2,NA:NA,3:2,2:2,1:1,NA:NA,5:5
SkyhighLake,Skyhigh,1:1,1:2,1:1,2:2,2:2,1:1,1:2,6:4
SkyhighLake,Skyhigh,1:1,4:2,1:1,2:2,3:3,1:1,1:2,4:4
SkyhighLake,Skyhigh,1:1,1:1,2:2,2:2,1:2,1:1,NA:NA,4:4
